Formula,Volume,ave:atomic_radius,ave:atomic_radius_rahm,ave:atomic_volume,ave:atomic_weight,ave:boiling_point,ave:bulk_modulus,ave:density,ave:dipole_polarizability,ave:electron_negativity,ave:electron_affinity,ave:en_allen,ave:en_ghosh,ave:en_pauling,ave:first_ion_en,ave:fusion_enthalpy,ave:gs_bandgap,ave:gs_energy,ave:specific_heat,ave:thermal_conductivity,ave:vdw_radius,ave:vdw_radius_alvarez,ave:vdw_radius_mm3,ave:vdw_radius_uff,ave:sound_velocity
AgCl3K,132.4521625,164.2122904,215.4,22.34,50.6633,849.56,21.28,3.2072,83.578,2.446,2.528329,13.26,0.20736302,2.446,10.16395666,4.647,1.4958,-1.843246908,0.642274576,106.00534,202.2,214.4,234.6,376.02,1043.6
La2N6W2,65.89429489,120.8,214.8,16.786,72.953294,1978.44,102.0189297,5.5748,61.56,2.516,-0.582748,13.36704925,0.23939648,2.384,11.408646,11.915,3.8622,-8.504134087,0.529768628,36.615498,185.2,210.6,219.2,351.96,1729.96
O3SrV,57.715487,157.5208522,208.8,16.81,37.3117,1115.514,92.15971934,2.4194,59.812,2.58,0.9912681,15.7676,0.23191352,2.58,10.659038,5.918,0,-4.978490001,0.804711982,13.215948,182.4,195.2,215,345.7,2003.34641
Cl6Cs2Tl2,176.625755,176.0122904,221.8,28.66,88.7270904,679.48,9.58,3.6806,105.498,2.378,2.3373602,13.48967801,0.2238137,2.414,9.7809978,3.1664,1.4958,-1.696121051,0.518074576,16.40534,212.8,228.2,244.8,414.1,722.6555938
F3MnRb,78.51117739,157.0141685,194.2,22.918,39.4802107,690.206,52.5793637,2.4132,79.34,2.862,2.651903984,17.7834,0.25465988,2.862,12.7759096,3.173,1.182,-3.01561663,0.913707505,13.17662,189.8,200.8,212.4,343.34,2986.14953
FeO3Sr,56.46241061,155.9208522,203.6,16.56,38.2924,990.114,94.15971934,2.7722,53.13,2.62,0.9164681,16.083,0.23429728,2.62,10.89028,4.38,0,-4.847734735,0.796311982,23.015948,181.8,195.6,213.8,341.06,2073.34641
Cl6Rb2Sn2,175.2395241,170.4122904,221.2,25.66,62.10556,843.96,12.76,2.7044,87.198,2.452,2.4872324,13.1754,0.2148294,2.452,10.0847876,3.788,1.4958,-2.055536676,0.560674576,25.00534,209,221.8,241,406.94,883.6
O3SrTi,61.5403161,160.1208522,209.8,17.26,36.6968,1097.514,82.15971934,2.1054,63.212,2.562,0.9020681,15.589,0.23111938,2.562,10.675424,4.448,0,-4.745683287,0.812311982,11.415948,183.2,196,217,346.32,1919.34641
Cl9Li3Sn3,137.9771289,151.8122904,217.2,17.1,46.4,875.39,14.46,2.5048,56.238,2.484,2.5136582,13.4184,0.2149108,2.484,10.3277058,3.95,1.4958,-2.236847053,1.186474576,30.40534,184.8,200,227,373.68,1823.6
CoF3Tl,70.63457799,139.6141685,190.6,15.04,64.0616807,1025.606,72.6793637,4.8148,24.102,3.088,2.248565112,19.58007801,0.27000246,3.124,13.2515208,4.2214,1.182,-2.88944991,0.863107505,29.21662,167.4,185,199,346.22,2803.74953
F3RbTl,107.1503545,164.2141685,194.2,24.88,69.3686019,589.206,37.1793637,3.3412,76.32,2.876,2.21329782,18.24347801,0.2622924,2.912,12.5107444,1.4194,1.182,-1.666039086,0.843907505,20.81662,188,201.2,219.4,371.06,2119.74953
Cl6In2Rb2,161.7034913,171.2122904,220.8,25.54,61.32716,805.96,16.99858577,2.7044,92.458,2.416,2.324819,12.976,0.212065,2.416,9.7732756,3.0162,1.4958,-1.79668765,0.563074576,28.00534,204.2,222,242,408.36,626.6
Cs2F6Hg2,101.1204702,165.2141685,193.4,27.22,78.0985323,367.272,33.3993637,3.7486,89.202,2.946,2.580174369,17.7476,0.2713083,2.926,13.319961,1.03,1.182,-1.239782979,0.822107505,8.87662,201.4,206.2,222,346.28,2413.005124
Na2Nb2O6,63.59044556,154.9208522,197.8,15.3,32.77862786,1288.334,80.92362451,2.5976,56.884,2.57,1.1697345,15.512,0.22700344,2.57,10.5504152,6.652,0,-5.124787726,0.945511982,38.815948,180.2,191.2,211.8,332.96,1526.5
Br3CsSc,165.1217665,180.3331849,233.8,31.1,83.514672,1010.26,12.86,2.8446,121.736,2.206,2.15007812,11.716,0.19947384,2.206,9.179359,6.409,0.8742,-2.377843113,0.846944312,10.472,222.6,232.8,254.2,407.58,2926.205799
Cl3MnRb,130.4908477,165.0122904,220,23.878,49.3511688,782.36,25.16,2.6844,92.078,2.37,2.778825164,13.0854,0.20627588,2.37,10.1028076,4.94,1.4958,-3.067440308,0.611674576,13.16534,206.6,222.4,234,378.32,1413.6
Cd2Cl6Rb2,147.3017585,168.8122904,219.2,25.02,60.84636,542.96,9.56,2.9724,88.648,2.398,2.774905511,12.8164,0.20930032,2.398,10.4147676,3.6,1.4958,-1.425762103,0.562674576,31.00534,209.2,223.2,239.2,376.06,845.6
Cl3CuTl,115.4201413,148.2122904,215.4,16.08,74.8552,1057.16,37.26,5.098,34.598,2.6,2.490035,14.90207801,0.22320552,2.636,10.5474928,5.4684,1.4958,-2.261326723,0.546874576,89.20534,183.4,206.2,221.2,393.66,1001.2
Ba2O6Ti2,67.316896,161.5208522,212.6,18.32,46.6382,1148.114,69.58362451,2.2974,79.612,2.55,0.9213921,15.4922,0.23915346,2.55,10.5787868,4.386,0,-4.793825019,0.790511982,8.015948,187,199.8,218.4,347.56,1342.5
Ca2Cl6Rb2,159.6947299,177.4122904,225.6,28.38,46.37916,686.76,4.56,1.5524,112.518,2.26,2.269729,12.24,0.20230138,2.26,9.8386356,4.066,1.4958,-1.652993171,0.646874576,51.60534,211.8,225.8,245.4,387.08,1145.6
Cs2F6Sr2,112.6975075,176.8141685,203.4,31,55.5041323,572.726,42.89545853,1.5474,119.62,2.736,2.14463902,16.7986,0.26120994,2.736,12.371431,2.057,1.182,-1.526324587,0.854707505,14.21662,206.6,214,231.4,365,3032.451534
HfO3Pb,72.98106977,156.1208522,205.2,14.78,86.7374,1550.714,76.86362451,5.6214,34.364,2.79,0.950816732,16.376,0.2643246,2.684,11.01917,6.5268,0,-5.570740932,0.708511982,11.615948,176.2,194.6,214.6,358.76,1044.5
Cd2F6Tl2,89.42508557,145.4141685,193.8,16.32,74.7578419,604.606,45.0793637,4.7648,22.49,3.05,2.626200331,19.20707801,0.27143652,3.086,13.4740828,2.2234,1.182,-1.635806926,0.818307505,28.61662,171,186.8,204.4,345.74,2321.74953
Cl6Cs2Sn2,177.6115626,174.2122904,223,28.48,71.5930904,842.08,12.58,2.7726,103.638,2.446,2.4843736,13.1196,0.2247347,2.446,10.028143,3.768,1.4958,-2.033794963,0.536874576,20.60534,217,227.2,244.8,415,1059.055594
I3O9Rb3,98.09953691,167.4687705,198.2,24.72,52.073854,337.814,47.70362451,1.9818,73.824,2.76,1.58565946,16.4414,0.24758572,2.76,11.0965076,2.122,0.2124,-3.347822632,0.915875636,11.705748,191.4,195,221.4,382.28,1108.342987
AgCl3Cs,139.7570909,170.6122904,218.4,27.28,69.4247304,830.48,20.98,3.4106,105.658,2.44,2.5223602,13.1716,0.2185676,2.44,10.074605,4.598,1.4958,-1.794664257,0.539874576,93.20534,215.8,229.4,241.6,390.12,1079.055594
KO3Tc,59.66202571,161.9208522,197.6,19.16,37.000502,1293.514,87.16316529,3.1606,77.344,2.608,1.0869621,15.472,0.22927476,2.648,10.49496266,7.257,0,-5.144613326,0.846711982,30.215948,189.4,193.4,218.2,346.2,1669.523737
I3K3O9,91.95581102,164.8687705,197,22.6,42.799954,355.014,47.82362451,1.8466,68.184,2.76,1.58876946,16.474,0.24628644,2.76,11.12921466,2.151,0.2124,-3.374663569,0.994475636,20.105748,185.8,185.4,218.2,376.24,1248.342987
Cs2F6Na2,93.62157646,171.8141685,192.6,29,42.57808615,472.546,29.6593637,1.2336,114.96,2.732,2.24462422,16.6876,0.2561511,2.732,12.2602762,1.091,1.182,-1.441810143,1.038907505,35.21662,202.2,207.2,225.4,351.84,2771.605124
F6K2Mn2,76.04393506,154.4141685,193,20.798,30.2063107,707.406,52.6993637,2.278,73.7,2.862,2.655013984,17.816,0.2533606,2.862,12.80861666,3.202,1.182,-3.042457567,0.992307505,21.57662,184.2,191.2,209.2,337.3,3126.14953
Ca2Cl6K2,157.5095788,174.8122904,224.4,26.26,37.10526,703.96,4.68,1.4172,106.878,2.26,2.272839,12.2726,0.2010021,2.26,9.87134266,4.095,1.4958,-1.679834109,0.725474576,60.00534,206.2,216.2,242.2,381.04,1285.6
Ag2F6Tl2,84.59240483,143.4141685,191.2,15.76,73.8486819,894.006,56.6793637,5.1348,23.06,3.098,2.37651382,19.61807801,0.2707985,3.134,13.1905648,3.2414,1.182,-2.026450793,0.819307505,95.21662,169.6,187.6,203,351.74,2379.74953
Cs2I6Sn2,247.0528594,176.2437549,242.2,32.68,126.4657724,973.42,16.54,4.7946,109.44,2.146,2.15216068,11.3076,0.19816346,2.146,8.518321,6.504,0.6372,-1.866376161,0.681690962,20.8694,230.8,240.4,262.2,448.18,2908.984556
F6Hg2K2,96.39831336,158.8141685,190.4,22.28,59.3371019,386.352,33.6993637,3.5452,67.122,2.952,2.586143169,17.836,0.26010372,2.932,13.40931266,1.079,1.182,-1.28836563,0.924507505,21.67662,187.8,191.2,215,332.18,2377.54953
O3OsRb,62.88448404,164.3208522,199.4,21.266,64.73896,1306.314,103.1331979,5.5098,78.304,2.668,1.1938521,15.6074,0.2532791,2.668,10.6939016,12.14,0,-5.290882946,0.745711982,29.215948,195,203.8,221.2,354.68,1438.5
Cs2F6Sn2,114.2981642,166.2141685,197.2,27.52,61.7221323,749.926,39.9993637,2.5014,90.9,2.938,2.35745242,17.8176,0.2731187,2.938,12.701245,2.001,1.182,-1.981971285,0.838907505,20.61662,200.2,205.6,223.2,380.02,2631.605124
Br6Ge2Rb2,180.478661,171.5331849,226.2,28,79.56196,1011.94,20.94758774,3.243,84.726,2.342,2.36187932,12.7234,0.20360972,2.342,9.5035916,10.997,0.9508,-2.065690117,0.823944312,23.672,213.8,221.6,247,419.22,2820.567535
BaMoO3,67.40982958,159.9208522,210,18.08,56.2548,1413.114,93.58362451,3.4334,71.244,2.674,1.0551921,15.6002,0.24073416,2.674,10.6316488,9.052,0,-5.408001149,0.736111982,31.415948,188.2,199.6,218.4,345.1,1752.5
Br6Cs2Pb2,214.233609,182.9331849,231,31.76,115.9634904,792.06,10.66,4.5166,102.7,2.4,2.183826752,12.5016,0.21117938,2.294,9.350387,4.5438,0.8742,-1.846546417,0.767544312,14.272,220,233.2,256.8,427.62,2168.023128
NbO3Sr,66.9096555,159.9208522,208.6,17.3,45.704674,1388.514,94.15971934,2.9114,61.544,2.574,1.0697493,15.623,0.23206228,2.574,10.66157,7.618,0,-5.209302169,0.761311982,17.815948,184.6,198,217.8,346.12,1787.34641
Br6In2Rb2,187.6581344,177.3331849,228.6,28.42,87.99956,861.94,17.47858577,3.6404,90.58,2.296,2.17533692,12.322,0.19853788,2.296,9.0809776,4.2672,0.8742,-1.6758426,0.806344312,28.072,210.2,224.4,251,422.88,1983.567535
Ag2F6Rb2,85.88925576,158.8141685,190.8,23.5,50.0662419,740.206,48.5793637,3.0712,76.48,2.938,2.39829782,17.9254,0.2570463,2.938,12.8043516,2.851,1.182,-1.764582292,0.865707505,97.61662,191,202.4,216.2,347.08,2476.14953
Br6Ca2Cs2,192.242033,187.3331849,235.2,34.08,82.5390904,740.86,4.86,2.5566,127.08,2.134,2.11738812,11.5302,0.19867956,2.134,9.089693,5.297,0.8742,-1.510406408,0.866344312,47.272,225.8,233.6,258.2,409.66,2678.023128
AgCsF3,90.03176998,162.6141685,192.6,26.32,59.5537723,738.326,48.3993637,3.1394,92.92,2.932,2.39543902,17.8696,0.2669516,2.932,12.747707,2.831,1.182,-1.742840579,0.841907505,93.21662,199,207.8,220,355.14,2651.605124
Br3CuRb,140.8716465,169.7331849,222.8,26.7,77.74516,959.34,29.64,3.9704,86.14,2.32,2.36233692,12.5554,0.1959262,2.32,9.4689816,6.329,0.8742,-1.878613172,0.836544312,91.672,210.8,223.4,243.4,403.52,2454.567535
F6Mg2Rb2,69.22252252,162.0141685,193.8,24.24,33.3536019,515.806,37.5793637,1.3188,80.158,2.814,2.560543331,17.2446,0.2519318,2.814,12.8183526,2.287,1.182,-1.519958042,1.023307505,43.61662,183.4,202,216.2,344.54,2876.54953
BaF3Li,66.38274985,155.8141685,200.4,20.68,40.2524419,656.636,32.1993637,1.4716,88.62,2.762,2.19324762,17.0006,0.25942012,2.762,12.5743566,2.177,1.182,-1.777518409,1.482507505,20.61662,178.2,190.6,215,324.92,3220.14953
CrO3Sr,56.73059182,156.7208522,205,16.586,37.52262,974.514,92.15971934,2.6334,56.024,2.586,1.0194681,15.909,0.2327077,2.586,10.663102,5.818,0,-5.091781171,0.805311982,25.815948,182.2,195.8,214.2,343.28,2279.34641
Cd2Cl6Cs2,150.6649137,172.6122904,221,27.84,70.3338904,541.08,9.38,3.0406,105.088,2.392,2.772046711,12.7606,0.21920562,2.392,10.358123,3.58,1.4958,-1.40402039,0.538874576,26.60534,217.2,228.6,243,384.12,1021.055594
O6Pb2Zr2,75.17971112,154.7208522,206,14.88,69.2842,1386.714,89.3675882,4.2606,36.764,2.796,1.033216732,16.5716,0.24330494,2.69,10.980936,5.2868,0,-5.289072776,0.735511982,11.615948,176.2,192.4,214.8,358.42,1202.5
Cl3CuK,114.4884087,161.0122904,213.8,21.7,41.79886,920.56,29.28,2.8992,82.378,2.44,2.514929,13.242,0.20815404,2.44,10.19398666,5.107,1.4958,-2.02629916,0.671874576,100.00534,199.2,211.4,231.2,382.96,1237.6
Na2O6Ta2,62.90725101,155.5208522,199.2,15.32,50.38692986,1424.934,86.92362451,4.2144,53.284,2.55,1.0506533,15.43,0.248304,2.55,10.7085592,7.966,0,-5.476403328,0.919911982,39.415948,181,190.6,211.8,333.06,1510.5
Cl9Cs3Ge3,168.5536482,169.2122904,220.2,27.94,62.3770904,954.08,20.28758774,2.3752,103.044,2.456,2.5085026,13.3216,0.22704214,2.456,10.139245,9.726,1.5724,-2.164793454,0.556874576,19.20534,215.8,224.6,241.8,412.76,1639.055594
Br3CsIn,191.2036607,181.1331849,230.4,31.24,97.4870904,860.06,17.29858577,3.7086,107.02,2.29,2.17247812,12.2662,0.20844318,2.29,9.024333,4.2472,0.8742,-1.654100887,0.782544312,23.672,218.2,229.8,254.8,430.94,2159.023128
Ca2F6K2,89.98190321,166.8141685,198.6,25.3,27.2343019,611.806,32.0993637,1.146,94.14,2.752,2.14591782,16.9706,0.2493861,2.752,12.54444466,2.328,1.182,-1.62801043,1.027507505,60.01662,189.4,194.6,220.6,346.06,2858.14953
Br3PdRb,146.5164072,171.5331849,222.4,27.06,86.31996,1073.94,37.64,4.5824,83.24,2.38,2.22773692,12.2438,0.1944974,2.38,9.5910856,6.957,0.8742,-2.170037122,0.808344312,26.072,213.6,218.8,245.6,391.6,2354.567535
Cs2F6Mn2,83.63443183,160.8141685,196,25.738,48.9677411,688.326,52.3993637,2.4814,95.78,2.856,2.649045184,17.7276,0.26456518,2.856,12.719265,3.153,1.182,-2.993874917,0.889907505,8.77662,197.8,206.2,216.2,351.4,3161.605124
Cl3KMn,128.0373015,162.4122904,218.8,21.758,40.0772688,799.56,25.28,2.5492,86.438,2.37,2.781935164,13.118,0.2049766,2.37,10.13551466,4.969,1.4958,-3.094281246,0.690274576,21.56534,201,212.8,230.8,372.28,1553.6
Ca2Cs2I6,241.3589824,183.2437549,246.6,35.4,110.7393724,816.22,8.34,3.6426,134.76,1.954,1.93465728,10.3722,0.18563544,1.954,8.272169,6.782,0.6372,-1.463832656,0.767890962,47.4694,233.6,244.4,266.6,428.32,3170.984556
F3RbZn,73.70978119,157.6141685,190.2,23.28,41.5686019,479.206,42.5793637,2.3978,73.74,2.882,2.601893539,17.5944,0.25863336,2.882,13.1679454,2.0046,1.182,-1.459503563,0.895907505,35.61662,189,199.6,213.4,339.38,2696.14953
K2Nb2O6,67.00355962,163.9208522,199.6,19.62,36.000334,1266.514,80.28362451,2.5746,82.464,2.548,1.1604433,15.352,0.22799856,2.548,10.39073266,6.599,0,-5.092247392,0.851711982,30.815948,189.8,195.8,219.6,349.54,1286.5
Cl6Ge2Tl2,151.3414192,150.0122904,218.8,17.38,76.672,1109.76,28.56758774,4.3706,33.184,2.622,2.4895774,15.07007801,0.23088904,2.658,10.5821028,10.1364,1.5724,-2.448403668,0.534274576,21.20534,186.4,204.4,224.8,409.36,1367.2
Cl6Mg2Rb2,128.4855608,170.0122904,219.6,25.2,43.22456,607.96,10.16,1.59,92.896,2.322,2.687464511,12.5466,0.2035478,2.322,10.1452506,4.054,1.4958,-1.57178172,0.721274576,43.60534,200.2,223.6,237.8,379.52,1304
F3HgTl,95.27186438,146.0141685,192,16.66,92.3934419,522.952,41.6793637,5.744,19.342,3.112,2.561249169,19.49607801,0.2751552,3.128,13.7628188,1.4404,1.182,-1.523393193,0.799507505,10.87662,172,186,205,342.88,2141.14953
F6Hg2Rb2,98.0617082,161.4141685,191.6,24.4,68.6110019,369.152,33.5793637,3.6804,72.762,2.952,2.583033169,17.8034,0.261403,2.932,13.3766056,1.05,1.182,-1.261524692,0.845907505,13.27662,193.4,200.8,218.2,338.22,2237.54953
Cl3PdRb,124.4819623,165.4122904,214.6,24.18,59.64756,1017.96,37.16,3.6464,85.118,2.5,2.377219,12.8978,0.20802452,2.5,10.2833836,5.706,1.4958,-2.290882172,0.565074576,26.00534,207.6,216.4,236.6,377.08,997.6
CsI3In,235.2347832,177.0437549,241.8,32.56,125.6873724,935.42,20.77858577,4.7946,114.7,2.11,1.98974728,11.1082,0.19539906,2.11,8.206809,5.7322,0.6372,-1.607527135,0.684090962,23.8694,226,240.6,263.2,449.6,2651.984556
Cl3CuRb,117.8407976,163.6122904,215,23.82,51.07276,903.36,29.16,3.0344,88.018,2.44,2.511819,13.2094,0.20945332,2.44,10.1612796,5.078,1.4958,-1.999458222,0.593274576,91.60534,204.8,221,234.4,389,1097.6
Cl6Ge2In2,172.8438328,149.0122904,219.6,17.08,58.7596,1234.36,35.80617351,3.4626,36.584,2.654,2.4741774,14.5006,0.22904564,2.654,10.517736,9.9662,1.5724,-2.527228554,0.555474576,28.40534,185.8,203.6,225.8,411.68,1446.6
F6Fe2Tl2,73.10044637,139.8141685,191.4,15.12,63.4440419,1001.606,70.6793637,4.6096,25.346,3.078,2.14631382,19.53607801,0.26920584,3.114,13.2557988,3.7434,1.182,-3.130468953,0.860507505,25.21662,168.2,185.8,199,347.02,2841.74953
NaO3Re,58.76522371,153.1208522,197.4,14.91,51.43875386,1465.334,120.9236245,5.0876,48.684,2.63,1.0162533,15.736,0.25009108,2.63,10.7653492,7.468,0,-5.589528974,0.919511982,37.615948,179.8,189.8,210.6,328.74,1770.5
Br6Cs2Sn2,203.3361364,180.3331849,230.8,31.36,98.2654904,898.06,13.06,3.7086,101.76,2.326,2.33489152,12.4656,0.21120758,2.326,9.335845,5.019,0.8742,-1.912949913,0.780144312,20.672,223,229.6,253.8,429.52,2416.023128
Br6Cs2Pd2,150.5744324,175.3331849,224.2,29.88,95.8074904,1072.06,37.46,4.6506,99.68,2.374,2.22487812,12.188,0.2044027,2.374,9.534441,6.937,0.8742,-2.148295409,0.784544312,21.672,221.6,224.2,249.4,399.66,2530.023128
CsF3In,101.3508525,167.0141685,196.8,27.4,60.9437323,711.926,44.23794947,2.5014,96.16,2.902,2.19503902,17.6182,0.2703543,2.902,12.389733,1.2292,1.182,-1.723122259,0.841307505,23.61662,195.4,205.8,224.2,381.44,2374.605124
CaCl3Cs,163.493525,181.2122904,227.4,31.2,55.8666904,684.88,4.38,1.6206,128.958,2.254,2.2668702,12.1842,0.21220668,2.254,9.781991,4.046,1.4958,-1.631251458,0.623074576,47.20534,219.8,231.2,249.2,395.14,1321.055594
Cd2Cs2F6,94.16246054,164.6141685,195.2,26.88,60.4629323,448.926,36.7993637,2.7694,92.35,2.884,2.645125531,17.4586,0.26758962,2.884,13.031225,1.813,1.182,-1.352196712,0.840907505,26.61662,200.4,207,221.4,349.14,2593.605124
Ag2F6Mg2,62.21586353,141.2141685,190.8,15.12,37.8336819,820.606,57.0793637,3.1124,26.898,3.036,2.723759331,18.6192,0.2604379,3.036,13.498173,4.109,1.182,-1.880369749,0.998707505,118.01662,165,188.4,199.8,325.22,3136.54953
Br3CsSe,173.5436898,175.9331849,226,31.4,90.3176904,581.08,3.12,3.2046,98.528,2.444,2.51661212,13.1756,0.22040374,2.444,9.817539,4.927,1.034,-1.814898877,0.913187774,7.376,217.6,217.6,247.8,425.78,2586.023128
Ag2Br6Rb2,158.7650735,172.9331849,224.4,27.34,86.6096,888.34,21.64,4.2784,87.34,2.326,2.37573692,12.5734,0.19513518,2.326,9.4389516,5.869,0.8742,-1.69556092,0.806944312,97.672,213.8,226.4,246.8,396.58,2260.567535
KMoO3,61.72344219,162.5208522,198.2,19.34,36.60906,1240.514,92.28362451,2.9046,75.764,2.66,1.1265621,15.426,0.22863636,2.66,10.45744866,8.095,0,-5.24280464,0.848311982,47.815948,189.6,193.6,218.8,347.28,1828.5
AgBr3Cs,163.5560662,176.7331849,226.2,30.16,96.0971304,886.46,21.46,4.3466,103.78,2.32,2.37287812,12.5176,0.20504048,2.32,9.382307,5.849,0.8742,-1.673819207,0.783144312,93.272,221.8,231.8,250.6,404.64,2436.023128
F3KNi,67.79890224,152.2141685,188.4,20.64,30.9573819,861.406,64.6993637,2.6164,70.56,2.934,2.37220782,17.974,0.25574508,2.934,12.84977266,4.116,1.182,-2.347609431,0.985507505,38.21662,182.6,190.2,208.8,334.76,3090.14953
F6Pd2Tl2,80.55777248,142.0141685,189.2,15.48,73.5590419,1079.606,72.6793637,5.4388,18.96,3.152,2.22851382,19.28847801,0.27016072,3.188,13.3426988,4.3294,1.182,-2.500926995,0.820707505,23.61662,169.4,180,201.8,346.76,2473.74953
Ba2Bi2O6,86.85815788,166.1208522,211.2,20.46,78.86088,812.714,53.78362451,3.3388,66.744,2.646,1.0940645,16.2382,0.25095612,2.622,10.6702628,3.7772,0,-4.033518475,0.710711982,5.215948,186.2,201.4,223.8,371.46,872.5
Cl6Cs2Pb2,187.4396857,176.8122904,223.2,28.88,89.2910904,736.08,10.18,3.5806,104.578,2.52,2.333308832,13.1556,0.2247065,2.414,10.042685,3.2928,1.4958,-1.967391467,0.524274576,14.20534,214,230.8,247.8,413.1,811.0555938
F3KMg,66.04743166,159.4141685,192.6,22.12,24.0797019,533.006,37.6993637,1.1836,74.518,2.814,2.563653331,17.2772,0.25063252,2.814,12.85105966,2.316,1.182,-1.546798979,1.101907505,52.01662,177.8,192.4,213,338.5,3016.54953
KO3Ta,65.40869502,164.5208522,201,19.64,53.608636,1403.114,86.28362451,4.1914,78.864,2.528,1.0413621,15.27,0.24929912,2.528,10.54887666,7.913,0,-5.443862994,0.826111982,31.415948,190.6,195.2,219.6,349.64,1270.5
Cs3I3O9,107.3098315,171.2687705,200,27.54,61.5613844,335.934,47.52362451,2.05,90.264,2.754,1.58280066,16.3856,0.25749102,2.754,11.039863,2.102,0.2124,-3.326080919,0.892075636,7.305748,199.4,200.4,225.2,390.34,1283.798581
Cl3KMg,125.2802887,167.4122904,218.4,23.08,33.95066,625.16,10.28,1.4548,87.256,2.322,2.690574511,12.5792,0.20224852,2.322,10.17795766,4.083,1.4958,-1.598622658,0.799874576,52.00534,194.6,214,234.6,373.48,1444
Cl6In2Sn2,184.5971359,154.0122904,222.4,17.62,67.9756,1122.36,28.09858577,3.86,37.178,2.644,2.4500484,14.2986,0.2267382,2.644,10.406634,4.0082,1.4958,-2.396230063,0.535474576,29.80534,187,206.2,228.8,413.92,866.6
Ag2Cl6Tl2,132.3141358,151.4122904,217,16.72,83.71964,986.16,29.26,5.406,35.798,2.606,2.503435,14.92007801,0.2224145,2.642,10.5174628,5.0084,1.4958,-2.078274471,0.517274576,95.20534,186.4,209.2,224.6,386.72,807.2
CuF3Tl,70.59248385,140.2141685,189.6,15.12,64.9842419,965.006,64.6793637,4.8268,21.86,3.092,2.36311382,19.60007801,0.27158952,3.128,13.2205948,3.7014,1.182,-2.209503045,0.848907505,89.21662,166.6,184.6,199.6,358.68,2573.74953
HfKO3,73.15017954,168.1208522,202.2,20.18,53.11706,1357.514,68.28362451,3.5226,83.064,2.488,0.9797621,15.05,0.24838032,2.488,10.40397666,6.039,0,-5.064442953,0.827311982,24.615948,190.8,197.2,221.6,349.06,1192.5
Cl6Ge2Rb2,158.6721939,165.4122904,218.4,25.12,52.88956,955.96,20.46758774,2.307,86.604,2.462,2.5113614,13.3774,0.21713684,2.462,10.1958896,9.746,1.5724,-2.186535167,0.580674576,23.60534,207.8,219.2,238,404.7,1463.6
AlLaO3,55.29304498,153.7208522,207.2,14.9,42.7768017,1348.114,66.46362451,2.45918,54.344,2.606,1.0572341,15.47884925,0.245389,2.606,10.4833636,3.514,0,-4.588669004,0.866911982,49.615948,176.6,194.6,212,370.42,1705.5
BaNbO3,70.35268214,161.3208522,211.4,18.36,55.646074,1439.114,81.58362451,3.1034,77.944,2.562,1.0890733,15.5262,0.24009636,2.562,10.5649328,7.556,0,-5.257443901,0.739511982,14.415948,188.4,201.8,219.2,347.36,1210.5
I2O6Tl2,94.58888505,152.0687705,198.6,16.98,75.856294,491.614,55.80362451,4.0454,20.404,2.92,1.56387546,18.13407801,0.26133792,2.956,11.4827208,2.5124,0.2124,-3.609691133,0.869475636,9.305748,170,180.2,208.2,386.94,1011.942987
Cd2F6Rb2,90.76498849,160.8141685,193.4,24.06,50.9754019,450.806,36.9793637,2.7012,75.91,2.89,2.647984331,17.5144,0.25768432,2.89,13.0878696,1.833,1.182,-1.373938425,0.864707505,31.01662,192.4,201.6,217.6,341.08,2418.14953
Br9Cs3Ge3,189.2571839,175.3331849,228,30.82,89.0494904,1010.06,20.76758774,3.3112,101.166,2.336,2.35902052,12.6676,0.21351502,2.336,9.446947,10.977,0.9508,-2.043948404,0.800144312,19.272,221.8,227,250.8,427.28,2996.023128
Cs2F6Tl2,110.3591846,168.0141685,196,27.7,78.8561323,587.326,36.9993637,3.4094,92.76,2.87,2.21043902,18.18767801,0.2721977,2.906,12.4540998,1.3994,1.182,-1.644297373,0.820107505,16.41662,196,206.6,223.2,379.12,2295.205124
Ca2Cs2F6,96.2711942,173.2141685,201.6,30.24,45.9957323,592.726,31.7993637,1.3494,116.22,2.746,2.13994902,16.8822,0.26059068,2.746,12.455093,2.279,1.182,-1.57942778,0.925107505,47.21662,203,209.6,227.6,360.16,2893.605124
Ag2Cu2F6,64.65769187,134.8141685,186.2,13.74,45.6818819,1116.006,76.0793637,4.5568,22.02,3.154,2.54811382,19.282,0.26634342,3.154,13.514202,5.133,1.182,-2.308046251,0.870707505,166.01662,169.6,185.8,196.4,334.7,2930.14953
Ag2F6K2,83.68680399,156.2141685,189.6,21.38,40.7923419,757.406,48.6993637,2.936,70.84,2.938,2.40140782,17.958,0.25574702,2.938,12.83705866,2.88,1.182,-1.791423229,0.944307505,106.01662,185.4,192.8,213,341.04,2616.14953
NaO3W,59.81199782,153.9208522,198.2,15.046,50.96535386,1471.334,108.9236245,4.7436,50.684,2.722,1.1495053,15.578,0.24919788,2.59,10.7714512,11.114,0,-5.697883544,0.918511982,62.015948,180.2,191.4,211,331.58,1865.3
Cl6Ge2K2,153.1720862,162.8122904,217.2,23,43.61566,973.16,20.58758774,2.1718,80.964,2.462,2.5144714,13.41,0.21583756,2.462,10.22859666,9.775,1.5724,-2.213376105,0.659274576,32.00534,202.2,209.6,234.8,398.66,1603.6
LaN3Re,62.60542137,120,214,16.65,73.426694,1972.44,114.0189297,5.9188,59.56,2.424,-0.716,13.52504925,0.24028968,2.424,11.402544,8.269,3.8622,-8.395779517,0.530768628,12.215498,184.8,209,218.8,349.12,1635.16
Br6Cs2Tl2,203.8799354,182.1331849,229.6,31.54,115.3994904,735.46,10.06,4.6166,103.62,2.258,2.18787812,12.83567801,0.21028658,2.294,9.0886998,4.4174,0.8742,-1.575276001,0.761344312,16.472,218.8,230.6,253.8,428.62,2079.623128
NaO3Tc,56.84900711,152.9208522,195.8,14.84,33.77879586,1315.334,87.80316529,3.1836,51.764,2.63,1.0962533,15.632,0.22827964,2.67,10.6546452,7.31,0,-5.17715366,0.940511982,38.215948,179.8,188.8,210.4,329.62,1909.523737
Cs3Ge3I9,227.6117669,171.2437549,239.4,32.14,117.2497724,1085.42,24.24758774,4.3972,108.846,2.156,2.17628968,11.5096,0.2004709,2.156,8.629423,12.462,0.7138,-1.997374652,0.701690962,19.4694,229.6,237.8,259.2,445.94,3488.984556
Cs2F6Pb2,115.6360401,168.8141685,197.4,27.92,79.4201323,643.926,37.5993637,3.3094,91.84,3.012,2.206387652,17.8536,0.2730905,2.906,12.715787,1.5258,1.182,-1.915567789,0.826307505,14.21662,197.2,209.2,226.2,378.12,2383.605124
AgBr3K,156.2326241,170.3331849,223.2,25.22,77.3357,905.54,21.76,4.1432,81.7,2.326,2.37884692,12.606,0.1938359,2.326,9.47165866,5.898,0.8742,-1.722401857,0.885544312,106.072,208.2,216.8,243.6,390.54,2400.567535
F3GeTl,95.34692245,142.0141685,193,16.42,66.8010419,1017.606,55.98695144,4.0994,20.446,3.114,2.36265622,19.76807801,0.27927304,3.15,13.2552048,8.3694,1.2586,-2.39657999,0.836307505,21.21662,169.6,182.8,203.2,374.38,2939.74953
Ba2Hf2O6,74.23809587,165.5208522,214,18.92,72.7628,1530.114,69.58362451,4.0514,78.544,2.502,0.9083921,15.2242,0.26047812,2.502,10.5781768,6.996,0,-5.229639462,0.715111982,8.215948,189.4,203.2,221.2,346.88,1116.5
F3NiRb,70.5082238,154.8141685,189.6,22.76,40.2312819,844.206,64.5793637,2.7516,76.2,2.934,2.36909782,17.9414,0.25704436,2.934,12.8170656,4.087,1.182,-2.320768494,0.906907505,29.81662,188.2,199.8,212,340.8,2950.14953
Cl3CrRb,124.5825634,164.0122904,218.2,23.846,48.76278,924.36,33.16,2.6784,94.398,2.392,2.398019,12.9714,0.20548006,2.392,9.9693056,6.558,1.4958,-3.164470566,0.613874576,30.40534,206.8,222.4,234.2,379.56,1571.6
AgCl3Rb,134.8472579,166.8122904,216.6,24.46,59.9372,832.36,21.16,3.3424,89.218,2.446,2.525219,13.2274,0.2086623,2.446,10.1312496,4.618,1.4958,-1.81640597,0.563674576,97.60534,207.8,224,237.8,382.06,903.6
F3MgTl,69.28383831,146.6141685,194.2,16.5,57.1360419,669.606,45.6793637,3.3824,26.738,2.974,2.538759331,18.93727801,0.265684,3.01,13.2045658,2.6774,1.182,-1.781826543,0.976907505,41.21662,162,187.2,203,349.2,2780.14953
O6Pb2Ti2,68.84871836,152.1208522,203.8,14.18,60.6128,1168.714,76.86362451,3.8674,35.432,2.838,0.963816732,16.644,0.24299994,2.732,11.01978,3.9168,0,-5.134926489,0.783911982,11.415948,173.8,191.2,211.8,359.44,1270.5
CaFeO3,53.45461157,152.3208522,201.8,15.8,28.784,1010.114,83.06362451,2.5742,49.73,2.63,0.9117781,16.1666,0.23367802,2.63,10.973942,4.602,0,-4.900837928,0.866711982,56.015948,178.2,191.2,210,336.22,1934.5
Cl3InPb,188.7146035,156.6122904,222.6,18.02,85.6736,1016.36,25.69858577,4.668,38.118,2.718,2.298983632,14.3346,0.22671,2.612,10.421176,3.533,1.4958,-2.329826567,0.522874576,23.40534,184,209.8,231.8,412.02,618.6
Cs2I6Sr2,271.7063705,186.8437549,248.4,36.16,120.2477724,796.22,19.43609483,3.8406,138.16,1.944,1.93934728,10.2886,0.1862547,1.944,8.188507,6.56,0.6372,-1.410729463,0.697490962,14.4694,237.2,248.8,270.4,433.16,3309.830966
F6Mn2Tl2,77.5931533,141.6141685,194.6,15.178,63.2626507,844.006,60.6793637,4.4768,25.92,3.022,2.630119984,19.47607801,0.26841208,3.058,13.1621228,3.5634,1.182,-3.277485131,0.867307505,10.77662,168.4,186,199.2,348,2889.74953
Br3RbSn,201.400073,176.5331849,229,28.54,88.77796,899.94,13.24,3.6404,85.32,2.332,2.33775032,12.5214,0.20130228,2.332,9.3924896,5.039,0.8742,-1.934691626,0.803944312,25.072,215,224.2,250,421.46,2240.567535
Ge2I6Rb2,221.8543389,167.4437549,237.6,29.32,107.762242,1087.3,24.42758774,4.329,92.406,2.162,2.17914848,11.5654,0.1905656,2.162,8.6860676,12.482,0.7138,-2.019116365,0.725490962,23.8694,221.6,232.4,255.4,437.88,3313.528962
Br6Ca2Rb2,188.520726,183.5331849,233.4,31.26,73.05156,742.74,5.04,2.4884,110.64,2.14,2.12024692,11.586,0.18877426,2.14,9.1463376,5.317,0.8742,-1.532148121,0.890144312,51.672,217.8,228.2,254.4,401.6,2502.567535
Br6Rb2Tl2,201.202998,178.3331849,227.8,28.72,105.91196,737.34,10.24,4.5484,87.18,2.264,2.19073692,12.89147801,0.20038128,2.3,9.1453444,4.4374,0.8742,-1.597017714,0.785144312,20.872,210.8,225.2,250,420.56,1904.167535
BaO3Zr,76.03223119,164.1208522,214.8,19.02,55.3096,1366.114,82.0875882,2.6906,80.944,2.508,0.9907921,15.4198,0.23945846,2.508,10.5399428,5.756,0,-4.947971306,0.742111982,8.215948,189.4,201,221.4,346.54,1274.5
F3PbRb,112.7928272,165.0141685,195.6,25.1,69.9326019,645.806,37.7793637,3.2412,75.4,3.018,2.209246452,17.9094,0.2631852,2.912,12.7724316,1.5458,1.182,-1.937309502,0.850107505,18.61662,189.2,203.8,222.4,370.06,2208.14953
CuF3Rb,70.58438955,155.6141685,189.2,22.86,41.2018019,811.206,56.5793637,2.7632,75.28,2.932,2.38489782,17.9074,0.25783732,2.932,12.8343816,3.311,1.182,-1.947634544,0.895307505,91.61662,188,199.4,212.8,354.02,2670.14953
F3RbV,75.83037174,156.8141685,196.2,23.11,38.6809019,973.206,60.5793637,2.1932,85.448,2.878,2.24289782,17.528,0.25306988,2.878,12.6383436,4.891,1.182,-2.999355718,0.915307505,17.81662,190.2,200.2,213.4,347,2868.14953
BaO3Sn,73.32445966,164.5208522,210.8,19.46,60.8068,944.714,59.18362451,2.8514,65.224,2.634,1.1280055,16.0162,0.25009112,2.634,10.6819468,2.986,0,-4.030989013,0.730311982,17.015948,188.2,199,222.4,371.9,1014.5
F3KZn,70.59579542,155.0141685,189,21.16,32.2947019,496.406,42.6993637,2.2626,68.1,2.882,2.605003539,17.627,0.25733408,2.882,13.20065246,2.0336,1.182,-1.4863445,0.974507505,44.01662,183.4,190,210.2,333.34,2836.14953
Ba2O6Pb2,83.49185829,167.1208522,211,19.86,78.5048,838.714,56.78362451,3.6594,66.164,2.708,0.976940732,16.0522,0.25006292,2.602,10.6964888,2.5108,0,-3.964585517,0.717711982,10.615948,185.2,202.6,225.4,370,766.5
Br6Cs2Sr2,218.9143115,190.9331849,237,34.84,92.0474904,720.86,15.95609483,2.7546,130.48,2.124,2.12207812,11.4466,0.19929882,2.124,9.006031,5.075,0.8742,-1.457303215,0.795944312,14.272,229.4,238,262,414.5,2816.869539
Cd2F6K2,88.7117128,158.2141685,192.2,21.94,41.7015019,468.006,37.0993637,2.566,70.27,2.89,2.651094331,17.547,0.25638504,2.89,13.12057666,1.862,1.182,-1.400779362,0.943307505,39.41662,186.8,192,214.4,335.04,2558.14953
Cl6Cs2Sr2,187.8481456,184.8122904,229.2,31.96,65.3750904,664.88,15.47609483,1.8186,132.358,2.244,2.2715602,12.1006,0.21282594,2.244,9.698329,3.824,1.4958,-1.578148265,0.552674576,14.20534,223.4,235.6,253,399.98,1459.902004
Br3InSn,209.1771199,160.1331849,230.2,20.5,94.648,1178.34,28.57858577,4.796,35.3,2.524,2.30056632,13.6446,0.21321108,2.524,9.714336,5.2592,0.8742,-2.275385013,0.778744312,29.872,193,208.6,237.8,428.44,2223.567535
CuF3K,67.19447744,153.0141685,188,20.74,31.9279019,828.406,56.6993637,2.628,69.64,2.932,2.38800782,17.94,0.25653804,2.932,12.86708866,3.34,1.182,-1.974475481,0.973907505,100.01662,182.4,189.8,209.6,347.98,2810.14953
F6In2Mn2,77.73399964,140.6141685,195.4,14.878,45.3502507,968.606,67.91794947,3.5688,29.32,3.054,2.614719984,18.9066,0.26656868,3.054,13.097756,3.3932,1.182,-3.356310017,0.888507505,17.97662,167.8,185.2,200.2,350.32,2969.14953
CaF3Rb,92.31264109,169.4141685,199.8,27.42,36.5082019,594.606,31.9793637,1.2812,99.78,2.752,2.14280782,16.938,0.25068538,2.752,12.5117376,2.299,1.182,-1.601169493,0.948907505,51.61662,195,204.2,223.8,352.1,2718.14953
MoNaO3,59.08637036,153.5208522,196.4,15.02,33.38735386,1262.334,92.92362451,2.9276,50.184,2.682,1.1358533,15.586,0.22764124,2.682,10.6171312,8.148,0,-5.275344974,0.942111982,55.815948,180,189,211,330.7,2068.5
KO3W,62.17869365,162.9208522,200,19.366,54.18706,1449.514,108.2836245,4.7206,76.264,2.7,1.1402141,15.418,0.250193,2.568,10.61176866,11.061,0,-5.66534321,0.824711982,54.015948,189.8,196,218.8,348.16,1625.3
F3TlZn,72.59770851,142.2141685,190.6,15.54,65.3510419,633.006,50.6793637,4.4614,20.32,3.042,2.580109539,19.28707801,0.27238556,3.078,13.5541586,2.395,1.182,-1.721372064,0.849507505,33.21662,167.6,184.8,200.2,344.04,2599.74953
